objectid,id_rte500,nature,toponyme,type,codeuic,region,departement,date_maj,geo_shape,geo_point_2d,
3,1456,Gare de voyageurs et de fret,Portet-Saint-Simon,gare avec accueil du public,87611400,Occitanie,31,2018-02-07T01:00:00+00:00,"{""coordinates"": [1.388634471956824, 43.527487224320076], ""type"": ""Point""}",43.527487224320076, 1.388634471956824
4,1457,Gare de voyageurs,Montrabé,halte ferroviaire,87611848,Occitanie,31,2018-02-07T01:00:00+00:00,"{""coordinates"": [1.5233678762803382, 43.645245668804705], ""type"": ""Point""}",43.645245668804705, 1.5233678762803382
13,1584,Gare de voyageurs,Bourg-Madame,gare avec accueil du public,87784876,Occitanie,66,2018-02-07T01:00:00+00:00,"{""coordinates"": [1.9485651814585896, 42.43256868728393], ""type"": ""Point""}",42.43256868728393, 1.9485651814585896
16,1595,Gare de voyageurs et de fret,Colomiers,gare avec accueil du public,87611467,Occitanie,31,2018-02-07T01:00:00+00:00,"{""coordinates"": [1.3340385138961044, 43.60326939335566], ""type"": ""Point""}",43.60326939335566, 1.3340385138961044
29,1748,Gare de voyageurs,Grand-Combe-La Pise,gare avec accueil du public,87775254,Occitanie,30,2018-02-07T01:00:00+00:00,"{""coordinates"": [4.03327003378751, 44.209920030108925], ""type"": ""Point""}",44.209920030108925, 4.03327003378751
31,1756,Gare de voyageurs et de fret,Souillac,gare avec accueil du public,87594333,Occitanie,46,2018-02-07T01:00:00+00:00,"{""coordinates"": [1.4668203983117802, 44.90210644181075], ""type"": ""Point""}",44.90210644181075, 1.4668203983117802
32,1784,Gare de voyageurs,Le Monastier,halte ferroviaire,87783308,Occitanie,48,2018-02-07T01:00:00+00:00,"{""coordinates"": [3.252315043113016, 44.50928369571503], ""type"": ""Point""}",44.50928369571503, 3.252315043113016
38,1911,Gare de voyageurs,Olette-Canaveilles-les-Bains,halte ferroviaire,87784728,Occitanie,66,2018-02-07T01:00:00+00:00,"{""coordinates"": [2.272509051697664, 42.554636592136994], ""type"": ""Point""}",42.554636592136994, 2.272509051697664
39,1913,Gare de voyageurs et de fret,Pamiers,gare avec accueil du public,87611343,Occitanie,9,2018-02-07T01:00:00+00:00,"{""coordinates"": [1.6198423186039588, 43.115886266516604], ""type"": ""Point""}",43.115886266516604, 1.6198423186039588
45,1964,Gare de voyageurs,Quillan,halte ferroviaire,87615260,Occitanie,11,2018-02-07T01:00:00+00:00,"{""coordinates"": [2.1815457225755757, 42.873743029704535], ""type"": ""Point""}",42.873743029704535, 2.1815457225755757
46,2064,Gare de voyageurs,L'Isle-Jourdain,gare avec accueil du public,87611806,Occitanie,32,2018-02-07T01:00:00+00:00,"{""coordinates"": [1.0897045076423808, 43.61731141961547], ""type"": ""Point""}",43.61731141961547, 1.0897045076423808
55,2099,Gare de voyageurs,Saint-Georges-de-Luzençon,halte ferroviaire,87783423,Occitanie,12,2018-02-07T01:00:00+00:00,"{""coordinates"": [2.9835195763119633, 44.06606436703603], ""type"": ""Point""}",44.06606436703603, 2.9835195763119633
75,2266,Gare de voyageurs et de fret,Bram,gare avec accueil du public,87615054,Occitanie,11,2018-02-07T01:00:00+00:00,"{""coordinates"": [2.1186540513292114, 43.24394144176271], ""type"": ""Point""}",43.24394144176271, 2.1186540513292114
76,2273,Gare de voyageurs,Chirac,halte ferroviaire,87783290,Occitanie,48,2018-02-07T01:00:00+00:00,"{""coordinates"": [3.2639054184472056, 44.523855566948804], ""type"": ""Point""}",44.523855566948804, 3.2639054184472056
78,2377,Gare de voyageurs,Frontignan,gare avec accueil du public,87773556,Occitanie,34,2018-02-07T01:00:00+00:00,"{""coordinates"": [3.758866903191859, 43.444564123961854], ""type"": ""Point""}",43.444564123961854, 3.758866903191859
86,2408,Gare de voyageurs et de fret,Valence-d'Agen,gare avec accueil du public,87611863,Occitanie,82,2018-02-07T01:00:00+00:00,"{""coordinates"": [0.8920724469064001, 44.111764788199494], ""type"": ""Point""}",44.111764788199494, 0.8920724469064001
88,2416,Gare de voyageurs,Barjac,halte ferroviaire,87783563,Occitanie,48,2018-02-07T01:00:00+00:00,"{""coordinates"": [3.4104915094480113, 44.49954978345968], ""type"": ""Point""}",44.49954978345968, 3.4104915094480113
90,2537,Gare de voyageurs,Venerque-Le-Vernet,halte ferroviaire,87611392,Occitanie,31,2018-02-07T01:00:00+00:00,"{""coordinates"": [1.4258783250204226, 43.433725162012834], ""type"": ""Point""}",43.433725162012834, 1.4258783250204226
97,2568,Gare de voyageurs,Sainte-Cécile-d'Andorge,halte ferroviaire,87775239,Occitanie,30,2018-02-07T01:00:00+00:00,"{""coordinates"": [3.975767415074997, 44.255730296488004], ""type"": ""Point""}",44.255730296488004, 3.975767415074997
110,2595,Gare de voyageurs,La Bastide-Saint-Laurent,halte ferroviaire,87775171,Occitanie,48,2018-02-07T01:00:00+00:00,"{""coordinates"": [3.904109741552068, 44.593488308184824], ""type"": ""Point""}",44.593488308184824, 3.904109741552068
111,2720,Gare de voyageurs,Err,halte ferroviaire,87784843,Occitanie,66,2018-02-07T01:00:00+00:00,"{""coordinates"": [2.028510938024677, 42.44321114660124], ""type"": ""Point""}",42.44321114660124, 2.028510938024677
313,,,Aramon,,87765883,Occitanie,30,2024-12-20T01:00:00+00:00,"{""coordinates"": [4.685959999784254, 43.8951000001334], ""type"": ""Point""}",43.8951000001334, 4.685959999784254
123,2770,Gare de voyageurs et de fret,Caussade,gare avec accueil du public,87613356,Occitanie,82,2018-02-07T01:00:00+00:00,"{""coordinates"": [1.533511382592001, 44.16240864284834], ""type"": ""Point""}",44.16240864284834, 1.533511382592001
124,2774,Gare de voyageurs,Le Bruel,halte ferroviaire,87783548,Occitanie,48,2018-02-07T01:00:00+00:00,"{""coordinates"": [3.3584251521508706, 44.481303687755094], ""type"": ""Point""}",44.481303687755094, 3.3584251521508706
138,3039,Gare de voyageurs et de fret,Castres,gare avec accueil du public,87615468,Occitanie,81,2018-02-07T01:00:00+00:00,"{""coordinates"": [2.2310468731445856, 43.59906497171375], ""type"": ""Point""}",43.59906497171375, 2.2310468731445856
144,3063,Gare de voyageurs,Baraqueville-Carcenac-Peyrales,halte ferroviaire,87615757,Occitanie,12,2018-02-07T01:00:00+00:00,"{""coordinates"": [2.427506886303444, 44.27037357433967], ""type"": ""Point""}",44.27037357433967, 2.427506886303444
151,3243,Gare de voyageurs,Magalas,halte ferroviaire,87781666,Occitanie,34,2018-02-07T01:00:00+00:00,"{""coordinates"": [3.2296893065980607, 43.46754785085152], ""type"": ""Point""}",43.46754785085152, 3.2296893065980607
152,3244,Gare de voyageurs,Lamagistère,halte ferroviaire,87611855,Occitanie,82,2018-02-07T01:00:00+00:00,"{""coordinates"": [0.8254585189699333, 44.12670696273672], ""type"": ""Point""}",44.12670696273672, 0.8254585189699333
155,3260,Gare de voyageurs,Joncet,halte ferroviaire,87784710,Occitanie,66,2018-02-07T01:00:00+00:00,"{""coordinates"": [2.310665805990912, 42.561405727832486], ""type"": ""Point""}",42.561405727832486, 2.310665805990912
160,3279,Gare de voyageurs,Lardenne,halte ferroviaire,87611939,Occitanie,31,2018-02-07T01:00:00+00:00,"{""coordinates"": [1.383857706769532, 43.59651899253708], ""type"": ""Point""}",43.59651899253708, 1.383857706769532
165,3334,Gare de voyageurs,Saint-Féliu-d'Avall,halte ferroviaire,87784520,Occitanie,66,2018-02-07T01:00:00+00:00,"{""coordinates"": [2.738389828902812, 42.677196144204494], ""type"": ""Point""}",42.677196144204494, 2.738389828902812
168,3341,Gare de voyageurs,Longages-Noé,halte ferroviaire,87611053,Occitanie,31,2018-02-07T01:00:00+00:00,"{""coordinates"": [1.2522251796760322, 43.356714391669904], ""type"": ""Point""}",43.356714391669904, 1.2522251796760322
196,3659,Gare de voyageurs,Saint-Pé-de-Bigorre,halte ferroviaire,87671362,Occitanie,65,2018-02-07T01:00:00+00:00,"{""coordinates"": [-0.16087788563907218, 43.10115805497916], ""type"": ""Point""}",43.10115805497916, -0.16087788563907218
200,3663,Gare de voyageurs,Villefranche-de-Lauragais,gare avec accueil du public,87615013,Occitanie,31,2018-02-07T01:00:00+00:00,"{""coordinates"": [1.7147280525798991, 43.39824219816457], ""type"": ""Point""}",43.39824219816457, 1.7147280525798991
209,3862,Gare de voyageurs,Font-Romeu-Odeillo-Via,gare avec accueil du public,87784819,Occitanie,66,2018-02-07T01:00:00+00:00,"{""coordinates"": [2.0379378786416313, 42.491165507663645], ""type"": ""Point""}",42.491165507663645, 2.0379378786416313
225,3954,Gare de voyageurs,Roquesérière-Buzet,halte ferroviaire,87615351,Occitanie,31,2018-02-07T01:00:00+00:00,"{""coordinates"": [1.6187228071043747, 43.75080440182248], ""type"": ""Point""}",43.75080440182248, 1.6187228071043747
316,,,Laudun L'Ardoise,,87764613,Occitanie,30,2024-12-20T01:00:00+00:00,"{""coordinates"": [4.699539999864907, 44.0963600003156], ""type"": ""Point""}",44.0963600003156, 4.699539999864907
19,1603,Gare de voyageurs,Robiac-Rochessadoule,halte ferroviaire,87775502,Occitanie,30,2018-02-07T01:00:00+00:00,"{""coordinates"": [4.122439638854274, 44.27612641459231], ""type"": ""Point""}",44.27612641459231, 4.122439638854274
232,4127,Gare de voyageurs,Générac,halte ferroviaire,87775791,Occitanie,30,2018-02-07T01:00:00+00:00,"{""coordinates"": [4.3432716666503, 43.732421577909186], ""type"": ""Point""}",43.732421577909186, 4.3432716666503
233,4149,Gare de voyageurs,Les Cabannes,halte ferroviaire,87611574,Occitanie,9,2018-02-07T01:00:00+00:00,"{""coordinates"": [1.6859476968452363, 42.78658268720237], ""type"": ""Point""}",42.78658268720237, 1.6859476968452363
236,4192,Gare de voyageurs,Saint-Chély-d'Apcher,gare avec accueil du public,87783241,Occitanie,48,2018-02-07T01:00:00+00:00,"{""coordinates"": [3.270668287414813, 44.8018228859324], ""type"": ""Point""}",44.8018228859324, 3.270668287414813
239,4201,Gare de voyageurs,Salses-le-Château,halte ferroviaire,87784157,Occitanie,66,2018-02-07T01:00:00+00:00,"{""coordinates"": [2.9173967140579284, 42.835534699076746], ""type"": ""Point""}",42.835534699076746, 2.9173967140579284
245,4233,Gare de voyageurs,Saléchan-Siradan,halte ferroviaire,87618710,Occitanie,65,2018-02-07T01:00:00+00:00,"{""coordinates"": [0.6316603800696864, 42.96307058361676], ""type"": ""Point""}",42.96307058361676, 0.6316603800696864
254,4422,Gare de voyageurs,Aubin,halte ferroviaire,87613224,Occitanie,12,2018-02-07T01:00:00+00:00,"{""coordinates"": [2.23943309765185, 44.52700525756445], ""type"": ""Point""}",44.52700525756445, 2.23943309765185
255,4428,Gare de voyageurs et de fret,Lavaur,gare avec accueil du public,87615476,Occitanie,81,2018-02-07T01:00:00+00:00,"{""coordinates"": [1.8132289058110527, 43.70366707041445], ""type"": ""Point""}",43.70366707041445, 1.8132289058110527
259,4442,Gare de voyageurs et de fret,Aigues-Mortes,gare avec accueil du public,87775858,Occitanie,30,2018-02-07T01:00:00+00:00,"{""coordinates"": [4.191199364908852, 43.570900004190925], ""type"": ""Point""}",43.570900004190925, 4.191199364908852
261,4466,Gare de voyageurs,Lunel-Viel,halte ferroviaire,87773424,Occitanie,34,2018-02-07T01:00:00+00:00,"{""coordinates"": [4.093155999283941, 43.68094136732479], ""type"": ""Point""}",43.68094136732479, 4.093155999283941
265,4499,Gare de voyageurs,Planès,halte ferroviaire,87784785,Occitanie,66,2018-02-07T01:00:00+00:00,"{""coordinates"": [2.1368879986623024, 42.50106008885387], ""type"": ""Point""}",42.50106008885387, 2.1368879986623024
268,4503,Gare de voyageurs,Verzeille,halte ferroviaire,87615138,Occitanie,11,2018-02-07T01:00:00+00:00,"{""coordinates"": [2.3211066829333586, 43.130964083268296], ""type"": ""Point""}",43.130964083268296, 2.3211066829333586
271,4509,Gare de voyageurs,Colomiers-Lycée-International,halte ferroviaire,87611921,Occitanie,31,2018-02-07T01:00:00+00:00,"{""coordinates"": [1.314047273995612, 43.616215834713344], ""type"": ""Point""}",43.616215834713344, 1.314047273995612
283,4680,Gare de voyageurs,Tournay,gare avec accueil du public,87671172,Occitanie,65,2018-02-07T01:00:00+00:00,"{""coordinates"": [0.239020995040002, 43.18344629467432], ""type"": ""Point""}",43.18344629467432, 0.239020995040002
286,4714,Gare de voyageurs,Najac,halte ferroviaire,87613463,Occitanie,12,2018-02-07T01:00:00+00:00,"{""coordinates"": [1.9760342925370455, 44.22182196723506], ""type"": ""Point""}",44.22182196723506, 1.9760342925370455
287,4730,Gare de voyageurs,Luc-Primaube,halte ferroviaire,87615773,Occitanie,12,2018-02-07T01:00:00+00:00,"{""coordinates"": [2.5544716627062067, 44.29135432012119], ""type"": ""Point""}",44.29135432012119, 2.5544716627062067
294,4783,Gare de voyageurs,Lunel,gare avec accueil du public,87773408,Occitanie,34,2018-02-07T01:00:00+00:00,"{""coordinates"": [4.131349615614606, 43.67962759413129], ""type"": ""Point""}",43.67962759413129, 4.131349615614606
297,4790,Gare de voyageurs,Tanus,halte ferroviaire,87615674,Occitanie,81,2018-02-07T01:00:00+00:00,"{""coordinates"": [2.3152072653571047, 44.100387073742716], ""type"": ""Point""}",44.100387073742716, 2.3152072653571047
310,5022,Gare de voyageurs,Langogne,gare avec accueil du public,87734350,Occitanie,48,2018-02-07T01:00:00+00:00,"{""coordinates"": [3.8569438079146123, 44.73286933565575], ""type"": ""Point""}",44.73286933565575, 3.8569438079146123
312,10000,Gare de voyageurs et de fret,Ossun,halte ferroviaire,87671313,Occitanie,65,2018-02-07T01:00:00+00:00,"{""coordinates"": [-0.0213475504313932, 43.18349573198975], ""type"": ""Point""}",43.18349573198975, -0.0213475504313932
318,,,Pont-Saint-Esprit,,87764555,Occitanie,30,2024-12-20T01:00:00+00:00,"{""coordinates"": [4.642959999732163, 44.25260999987263], ""type"": ""Point""}",44.25260999987263, 4.642959999732163
319,,,Remoulins,,87775395,Occitanie,30,2024-12-20T01:00:00+00:00,"{""coordinates"": [4.5681899996036215, 43.9379200003206], ""type"": ""Point""}",43.9379200003206, 4.5681899996036215
327,,,Brive-la-Gaillarde,gare avec accueil du public,87594002,Nouvelle-Aquitaine,19,2025-01-06T01:00:00+00:00,"{""coordinates"": [1.5286305908339157, 45.152401877334285], ""type"": ""Point""}",45.152401877334285, 1.5286305908339157
333,3314,Gare de voyageurs et de fret,Tarascon,,87765354,Sud,13,2025-01-06T01:00:00+00:00,"{""coordinates"": [4.657272281881309, 43.80126168937994], ""type"": ""Point""}",43.80126168937994, 4.657272281881309
334,2265,Gare de voyageurs et de fret,Avignon centre,gare avec accueil du public,87765008,Sud,84,2025-01-06T01:00:00+00:00,"{""coordinates"": [4.805287977776579, 43.941935190055794], ""type"": ""Point""}",43.941935190055794, 4.805287977776579
733,2988,Gare de voyageurs et de fret,Clermont-Ferrand,gare avec accueil du public,87734004,Auvergne-Rhône-Alpes,63,2025-01-15T01:00:00+00:00,"{""coordinates"": [3.1005651064280166, 45.77890470646009], ""type"": ""Point""}",45.77890470646009, 3.1005651064280166
735,,,Portbou,,87785956,Espagne,ESP,2025-01-15T01:00:00+00:00,"{""coordinates"": [3.1578106608009895, 42.424493657103774], ""type"": ""Point""}",42.424493657103774, 3.1578106608009895
7,1464,Gare de voyageurs,Vauvert,gare avec accueil du public,87775817,Occitanie,30,2018-02-07T01:00:00+00:00,"{""coordinates"": [4.2701770547933755, 43.69513191871854], ""type"": ""Point""}",43.69513191871854, 4.2701770547933755
9,1472,Gare de voyageurs,Campagnac-Saint-Geniez,halte ferroviaire,87783340,Occitanie,12,2018-02-07T01:00:00+00:00,"{""coordinates"": [3.0661581695587157, 44.42213724887701], ""type"": ""Point""}",44.42213724887701, 3.0661581695587157
10,1476,Gare de voyageurs,Pomas,halte ferroviaire,87615146,Occitanie,11,2018-02-07T01:00:00+00:00,"{""coordinates"": [2.28830965897477, 43.1121415456527], ""type"": ""Point""}",43.1121415456527, 2.28830965897477
11,1477,Gare de voyageurs,Laval-de-Cère,halte ferroviaire,87594796,Occitanie,46,2018-02-07T01:00:00+00:00,"{""coordinates"": [1.9315500864560213, 44.950968740871], ""type"": ""Point""}",44.950968740871, 1.9315500864560213
15,1591,Gare de voyageurs et de fret,Narbonne,gare avec accueil du public,87781104,Occitanie,11,2018-02-07T01:00:00+00:00,"{""coordinates"": [3.0052541151624346, 43.19037323537895], ""type"": ""Point""}",43.19037323537895, 3.0052541151624346
21,1611,Gare de voyageurs,Dégagnac,halte ferroviaire,87613174,Occitanie,46,2018-02-07T01:00:00+00:00,"{""coordinates"": [1.3400558043761428, 44.65363841468292], ""type"": ""Point""}",44.65363841468292, 1.3400558043761428
25,1734,Gare de voyageurs,Les Cabrils,halte ferroviaire,87781559,Occitanie,34,2018-02-07T01:00:00+00:00,"{""coordinates"": [3.1860311931547094, 43.77974809463643], ""type"": ""Point""}",43.77974809463643, 3.1860311931547094
27,1740,Gare de voyageurs,Montpellier-Saint-Roch,gare avec accueil du public,87773002,Occitanie,34,2018-02-07T01:00:00+00:00,"{""coordinates"": [3.881004179521341, 43.60480533896083], ""type"": ""Point""}",43.60480533896083, 3.881004179521341
35,1788,Gare de voyageurs,Espéraza,halte ferroviaire,87615211,Occitanie,11,2018-02-07T01:00:00+00:00,"{""coordinates"": [2.21801779265561, 42.9358041000025], ""type"": ""Point""}",42.9358041000025, 2.21801779265561
48,2083,Gare de voyageurs,Banyuls-sur-Mer,gare avec accueil du public,87784298,Occitanie,66,2018-02-07T01:00:00+00:00,"{""coordinates"": [3.124624510914488, 42.48316083046863], ""type"": ""Point""}",42.48316083046863, 3.124624510914488
56,2100,Gare de voyageurs,Fons-Saint-Mamert,halte ferroviaire,87775379,Occitanie,30,2018-02-07T01:00:00+00:00,"{""coordinates"": [4.206652553560351, 43.90726384322085], ""type"": ""Point""}",43.90726384322085, 4.206652553560351
58,2107,Gare de voyageurs,Cransac,halte ferroviaire,87613232,Occitanie,12,2018-02-07T01:00:00+00:00,"{""coordinates"": [2.2722747972226043, 44.522667735479196], ""type"": ""Point""}",44.522667735479196, 2.2722747972226043
73,2263,Gare de voyageurs et de fret,Albi-Ville,gare avec accueil du public,87615005,Occitanie,81,2018-02-07T01:00:00+00:00,"{""coordinates"": [2.1375690544778574, 43.92240092487068], ""type"": ""Point""}",43.92240092487068, 2.1375690544778574
74,2264,Gare de voyageurs,Tournemire-Roquefort,halte ferroviaire,87783456,Occitanie,12,2018-02-07T01:00:00+00:00,"{""coordinates"": [3.0169908865787254, 43.96964819772085], ""type"": ""Point""}",43.96964819772085, 3.0169908865787254
89,2424,Gare de voyageurs,Puybrun,halte ferroviaire,87594754,Occitanie,46,2018-02-07T01:00:00+00:00,"{""coordinates"": [1.7842537985784017, 44.92160980445309], ""type"": ""Point""}",44.92160980445309, 1.7842537985784017
92,2557,Gare de voyageurs,Elne,gare avec accueil du public,87784207,Occitanie,66,2018-02-07T01:00:00+00:00,"{""coordinates"": [2.963530452405409, 42.59736410009532], ""type"": ""Point""}",42.59736410009532, 2.963530452405409
94,2559,Gare de voyageurs,Capvern,halte ferroviaire,87671156,Occitanie,65,2018-02-07T01:00:00+00:00,"{""coordinates"": [0.3295941682039024, 43.10351715694864], ""type"": ""Point""}",43.10351715694864, 0.3295941682039024
95,2560,Gare de voyageurs et de fret,Montréjeau-Gourdan-Polignan,gare avec accueil du public,87611152,Occitanie,31,2018-02-07T01:00:00+00:00,"{""coordinates"": [0.5735091098251817, 43.078043757479904], ""type"": ""Point""}",43.078043757479904, 0.5735091098251817
96,2563,Gare de voyageurs et de fret,Muret,gare avec accueil du public,87611038,Occitanie,31,2018-02-07T01:00:00+00:00,"{""coordinates"": [1.3242969764080454, 43.46495862238188], ""type"": ""Point""}",43.46495862238188, 1.3242969764080454
102,2575,Gare de voyageurs et de fret,Gaillac,gare avec accueil du public,87615252,Occitanie,81,2018-02-07T01:00:00+00:00,"{""coordinates"": [1.8947346357976524, 43.90627502403617], ""type"": ""Point""}",43.90627502403617, 1.8947346357976524
109,2594,Gare de voyageurs et de fret,Bagnac,halte ferroviaire,87613604,Occitanie,46,2018-02-07T01:00:00+00:00,"{""coordinates"": [2.160450703750468, 44.6650999644896], ""type"": ""Point""}",44.6650999644896, 2.160450703750468
126,2943,Gare de voyageurs,Pins-Justaret,halte ferroviaire,87618116,Occitanie,31,2018-02-07T01:00:00+00:00,"{""coordinates"": [1.4000965564453123, 43.478612077876434], ""type"": ""Point""}",43.478612077876434, 1.4000965564453123
127,2951,Gare de voyageurs,Villefranche-Vernet-les-Bains,gare avec accueil du public,87784686,Occitanie,66,2018-02-07T01:00:00+00:00,"{""coordinates"": [2.370029891952027, 42.59145808361772], ""type"": ""Point""}",42.59145808361772, 2.370029891952027
128,2994,Gare de voyageurs,Le Bousquet-d'Orb,halte ferroviaire,87781583,Occitanie,34,2018-02-07T01:00:00+00:00,"{""coordinates"": [3.1685246472501856, 43.69139265962118], ""type"": ""Point""}",43.69139265962118, 3.1685246472501856
130,3004,Gare de voyageurs et de fret,Boussens,gare avec accueil du public,87611095,Occitanie,31,2018-02-07T01:00:00+00:00,"{""coordinates"": [0.9723650177757093, 43.179858698317986], ""type"": ""Point""}",43.179858698317986, 0.9723650177757093
133,3015,Gare de voyageurs,Latour-de-Carol-Enveitg,gare avec accueil du public,87611483,Occitanie,66,2018-02-07T01:00:00+00:00,"{""coordinates"": [1.9043373093310703, 42.45901119917981], ""type"": ""Point""}",42.45901119917981, 1.9043373093310703
147,3067,Gare de voyageurs,Marvejols,gare avec accueil du public,87783282,Occitanie,48,2018-02-07T01:00:00+00:00,"{""coordinates"": [3.2818865668314428, 44.54513406408848], ""type"": ""Point""}",44.54513406408848, 3.2818865668314428
161,3305,Gare de voyageurs,Les Cauquillous,halte ferroviaire,87328021,Occitanie,81,2018-02-07T01:00:00+00:00,"{""coordinates"": [1.7546520787733735, 43.73424523619637], ""type"": ""Point""}",43.73424523619637, 1.7546520787733735
163,3312,Gare de voyageurs,Gallieni-Cancéropôle,halte ferroviaire,87497461,Occitanie,31,2018-02-07T01:00:00+00:00,"{""coordinates"": [1.4192125907557092, 43.574103466282814], ""type"": ""Point""}",43.574103466282814, 1.4192125907557092
164,3321,Gare de voyageurs,Enveitg-Village-Béna-Fanès,halte ferroviaire,87784892,Occitanie,66,2018-02-07T01:00:00+00:00,"{""coordinates"": [1.916815224699522, 42.458041035937235], ""type"": ""Point""}",42.458041035937235, 1.916815224699522
169,3342,Gare de voyageurs,Coursan,halte ferroviaire,87781161,Occitanie,11,2018-02-07T01:00:00+00:00,"{""coordinates"": [3.0502881788678438, 43.23316813551714], ""type"": ""Point""}",43.23316813551714, 3.0502881788678438
170,3346,Gare de voyageurs,La Levade,halte ferroviaire,87775247,Occitanie,30,2018-02-07T01:00:00+00:00,"{""coordinates"": [4.009833655680633, 44.22880857726935], ""type"": ""Point""}",44.22880857726935, 4.009833655680633
176,3358,Gare de voyageurs et de fret,Albi-Madeleine,gare avec accueil du public,87615195,Occitanie,81,2018-02-07T01:00:00+00:00,"{""coordinates"": [2.1409487160004317, 43.93743787669644], ""type"": ""Point""}",43.93743787669644, 2.1409487160004317
178,3367,Gare de voyageurs,Gammal,halte ferroviaire,87775510,Occitanie,30,2018-02-07T01:00:00+00:00,"{""coordinates"": [4.146581921172439, 44.27084587409164], ""type"": ""Point""}",44.27084587409164, 4.146581921172439
185,3615,Gare de voyageurs,Rocamadour-Padirac,halte ferroviaire,87613042,Occitanie,46,2018-02-07T01:00:00+00:00,"{""coordinates"": [1.6572834460062411, 44.818341157503916], ""type"": ""Point""}",44.818341157503916, 1.6572834460062411
190,3643,Gare de voyageurs,Marquixanes,halte ferroviaire,87784629,Occitanie,66,2018-02-07T01:00:00+00:00,"{""coordinates"": [2.485398817561433, 42.642870391553174], ""type"": ""Point""}",42.642870391553174, 2.485398817561433
191,3650,Gare de voyageurs,Ur-les-Escaldes,halte ferroviaire,87784884,Occitanie,66,2018-02-07T01:00:00+00:00,"{""coordinates"": [1.9403836160682109, 42.45742562337393], ""type"": ""Point""}",42.45742562337393, 1.9403836160682109
199,3662,Gare de voyageurs et de fret,Foix,gare avec accueil du public,87611616,Occitanie,9,2018-02-07T01:00:00+00:00,"{""coordinates"": [1.6069926302356352, 42.96984520617601], ""type"": ""Point""}",42.96984520617601, 1.6069926302356352
201,3669,Gare de voyageurs,Brax-Léguevin,halte ferroviaire,87611822,Occitanie,31,2018-02-07T01:00:00+00:00,"{""coordinates"": [1.236828498137779, 43.61478244304039], ""type"": ""Point""}",43.61478244304039, 1.236828498137779
204,3679,Gare de voyageurs,Saint-Geniès-de-Malgoirès,halte ferroviaire,87775361,Occitanie,30,2018-02-07T01:00:00+00:00,"{""coordinates"": [4.214134944440489, 43.948844665262996], ""type"": ""Point""}",43.948844665262996, 4.214134944440489
218,3936,Gare de voyageurs,IIle-sur-Têt,gare avec accueil du public,87784561,Occitanie,66,2018-02-07T01:00:00+00:00,"{""coordinates"": [2.624476284894111, 42.66836784923205], ""type"": ""Point""}",42.66836784923205, 2.624476284894111
223,3944,Gare de voyageurs,Vielmur-sur-Agout,halte ferroviaire,87615492,Occitanie,81,2018-02-07T01:00:00+00:00,"{""coordinates"": [2.0894428718502684, 43.62408806870602], ""type"": ""Point""}",43.62408806870602, 2.0894428718502684
229,3965,Gare de voyageurs,Salles-Courbatiers,halte ferroviaire,87613877,Occitanie,12,2018-02-07T01:00:00+00:00,"{""coordinates"": [2.0789420576182747, 44.47541217399369], ""type"": ""Point""}",44.47541217399369, 2.0789420576182747
231,3967,Gare de voyageurs,Allenc,halte ferroviaire,87783654,Occitanie,48,2018-02-07T01:00:00+00:00,"{""coordinates"": [3.6639148086179723, 44.54154695419212], ""type"": ""Point""}",44.54154695419212, 3.6639148086179723
244,4232,Gare de voyageurs,Loures-Barbazan,halte ferroviaire,87611178,Occitanie,65,2018-02-07T01:00:00+00:00,"{""coordinates"": [0.6104470007246683, 43.02112626030632], ""type"": ""Point""}",43.02112626030632, 0.6104470007246683
251,4252,Gare de voyageurs,Lalbenque-Fontanes,halte ferroviaire,87613323,Occitanie,46,2018-02-07T01:00:00+00:00,"{""coordinates"": [1.511574625666289, 44.33286554271788], ""type"": ""Point""}",44.33286554271788, 1.511574625666289
257,4430,Gare de voyageurs,Argelès-sur-Mer,gare avec accueil du public,87784231,Occitanie,66,2018-02-07T01:00:00+00:00,"{""coordinates"": [3.0221988176346706, 42.543600391086954], ""type"": ""Point""}",42.543600391086954, 3.0221988176346706
264,4498,Gare de voyageurs,Saillagouse,halte ferroviaire,87784835,Occitanie,66,2018-02-07T01:00:00+00:00,"{""coordinates"": [2.0319674311958282, 42.45685895419372], ""type"": ""Point""}",42.45685895419372, 2.0319674311958282
269,4506,Gare de voyageurs et de fret,Carbonne,gare avec accueil du public,87611061,Occitanie,31,2018-02-07T01:00:00+00:00,"{""coordinates"": [1.2126116808399523, 43.29853121822802], ""type"": ""Point""}",43.29853121822802, 1.2126116808399523
274,4517,Gare de voyageurs,Dieupentale,halte ferroviaire,87611681,Occitanie,82,2018-02-07T01:00:00+00:00,"{""coordinates"": [1.2758650775358518, 43.86546319935326], ""type"": ""Point""}",43.86546319935326, 1.2758650775358518
290,4771,Gare de voyageurs,Ria,halte ferroviaire,87784660,Occitanie,66,2018-02-07T01:00:00+00:00,"{""coordinates"": [2.3905062536514268, 42.60324006861773], ""type"": ""Point""}",42.60324006861773, 2.3905062536514268
301,4814,Gare de voyageurs,Laguépie,halte ferroviaire,87613471,Occitanie,12,2018-02-07T01:00:00+00:00,"{""coordinates"": [1.9689434556664023, 44.14555905699573], ""type"": ""Point""}",44.14555905699573, 1.9689434556664023
321,,,Villeneuve-lès-Avignon,,87765875,Occitanie,30,2024-12-20T01:00:00+00:00,"{""coordinates"": [4.791990000535982, 43.95690999989371], ""type"": ""Point""}",43.95690999989371, 4.791990000535982
324,,,Coarraze-Nay,,87672139,Nouvelle-Aquitaine,64,2025-01-06T01:00:00+00:00,"{""coordinates"": [-0.2420074321332466, 43.182128348786385], ""type"": ""Point""}",43.182128348786385, -0.2420074321332466
332,,,Arles,<Nul>,87753657,Sud,13,2025-01-06T01:00:00+00:00,"{""coordinates"": [4.632138902105111, 43.6846057491299], ""type"": ""Point""}",43.6846057491299, 4.632138902105111
14,1587,Gare de voyageurs,Thuès-les-Bains,halte ferroviaire,87784744,Occitanie,66,2018-02-07T01:00:00+00:00,"{""coordinates"": [2.2489256048552564, 42.529064794073626], ""type"": ""Point""}",42.529064794073626, 2.2489256048552564
18,1601,Gare de voyageurs,Marssac-surTarn,halte ferroviaire,87615419,Occitanie,81,2018-02-07T01:00:00+00:00,"{""coordinates"": [2.0270250657720212, 43.91508485001707], ""type"": ""Point""}",43.91508485001707, 2.0270250657720212
33,1785,Gare de voyageurs,Bagnols-Chadenet,halte ferroviaire,87783647,Occitanie,48,2018-02-07T01:00:00+00:00,"{""coordinates"": [3.6283881164749348, 44.52854089295166], ""type"": ""Point""}",44.52854089295166, 3.6283881164749348
34,1786,Gare de voyageurs,Belvezet,halte ferroviaire,87783670,Occitanie,48,2018-02-07T01:00:00+00:00,"{""coordinates"": [3.7518102796632276, 44.5618851191996], ""type"": ""Point""}",44.5618851191996, 3.7518102796632276
36,1883,Gare de voyageurs,Nozières-Brignon,halte ferroviaire,87775353,Occitanie,30,2018-02-07T01:00:00+00:00,"{""coordinates"": [4.2080312134163895, 43.97541235712482], ""type"": ""Point""}",43.97541235712482, 4.2080312134163895
40,1921,Gare de voyageurs,Rabastens-Coufouleux,gare avec accueil du public,87615328,Occitanie,81,2018-02-07T01:00:00+00:00,"{""coordinates"": [1.7310239804383272, 43.819649258226214], ""type"": ""Point""}",43.819649258226214, 1.7310239804383272
41,1924,Gare de voyageurs,Lavilledieu,halte ferroviaire,87611459,Occitanie,82,2018-02-07T01:00:00+00:00,"{""coordinates"": [1.2143751556643556, 44.03545007921202], ""type"": ""Point""}",44.03545007921202, 1.2143751556643556
47,2082,Gare de voyageurs,Estavar,halte ferroviaire,87784827,Occitanie,66,2018-02-07T01:00:00+00:00,"{""coordinates"": [2.017951990799194, 42.4632104910871], ""type"": ""Point""}",42.4632104910871, 2.017951990799194
54,2096,Gare de voyageurs,Uchaud,halte ferroviaire,87775106,Occitanie,30,2018-02-07T01:00:00+00:00,"{""coordinates"": [4.266479686025192, 43.75763374429259], ""type"": ""Point""}",43.75763374429259, 4.266479686025192
63,2246,Gare de voyageurs,Villenouvelle,halte ferroviaire,87618215,Occitanie,31,2018-02-07T01:00:00+00:00,"{""coordinates"": [1.6606896693362316, 43.433396500806346], ""type"": ""Point""}",43.433396500806346, 1.6606896693362316
69,2256,Gare de voyageurs,Labruguière,halte ferroviaire,87615526,Occitanie,81,2018-02-07T01:00:00+00:00,"{""coordinates"": [2.2592970250503424, 43.542690835885715], ""type"": ""Point""}",43.542690835885715, 2.2592970250503424
80,2394,Gare de voyageurs,Alet-les-Bains,halte ferroviaire,87615187,Occitanie,11,2018-02-07T01:00:00+00:00,"{""coordinates"": [2.251545744246806, 42.99762201567812], ""type"": ""Point""}",42.99762201567812, 2.251545744246806
81,2395,Gare de voyageurs et de fret,Port-la-Nouvelle,gare avec accueil du public,87781062,Occitanie,11,2018-02-07T01:00:00+00:00,"{""coordinates"": [3.0386931959029133, 43.0201753681655], ""type"": ""Point""}",43.0201753681655, 3.0386931959029133
93,2558,Gare de voyageurs,Perpignan,gare avec accueil du public,87784009,Occitanie,66,2018-02-07T01:00:00+00:00,"{""coordinates"": [2.8796272182832188, 42.696086371190745], ""type"": ""Point""}",42.696086371190745, 2.8796272182832188
100,2573,Gare de voyageurs et de fret,Auch,gare avec accueil du public,87611749,Occitanie,32,2018-02-07T01:00:00+00:00,"{""coordinates"": [0.597059720782728, 43.647322388317455], ""type"": ""Point""}",43.647322388317455, 0.597059720782728
101,2574,Gare de voyageurs,Castelnau-d'Estrétefonds,gare avec accueil du public,87611665,Occitanie,31,2018-02-07T01:00:00+00:00,"{""coordinates"": [1.3414605137196964, 43.78625252496137], ""type"": ""Point""}",43.78625252496137, 1.3414605137196964
103,2576,Gare de voyageurs,Montastruc-la-Conseillère,halte ferroviaire,87615369,Occitanie,31,2018-02-07T01:00:00+00:00,"{""coordinates"": [1.597427688311764, 43.71574690175604], ""type"": ""Point""}",43.71574690175604, 1.597427688311764
112,2721,Gare de voyageurs,Bolquère-Eyne,halte ferroviaire,87784801,Occitanie,66,2018-02-07T01:00:00+00:00,"{""coordinates"": [2.087163775003456, 42.49808059565034], ""type"": ""Point""}",42.49808059565034, 2.087163775003456
115,2735,Gare de voyageurs,Collioure,gare avec accueil du public,87784256,Occitanie,66,2018-02-07T01:00:00+00:00,"{""coordinates"": [3.0781002008056735, 42.52686430767506], ""type"": ""Point""}",42.52686430767506, 3.0781002008056735
131,3008,Gare de voyageurs,Salindres,halte ferroviaire,87775551,Occitanie,30,2018-02-07T01:00:00+00:00,"{""coordinates"": [4.153427367628949, 44.17310131043966], ""type"": ""Point""}",44.17310131043966, 4.153427367628949
137,3038,Gare de voyageurs et de fret,Mazamet,gare avec accueil du public,87615542,Occitanie,81,2018-02-07T01:00:00+00:00,"{""coordinates"": [2.3750363298779402, 43.49784787450233], ""type"": ""Point""}",43.49784787450233, 2.3750363298779402
150,3236,Gare de voyageurs,Auterive,gare avec accueil du public,87611384,Occitanie,31,2018-02-07T01:00:00+00:00,"{""coordinates"": [1.4685397939120401, 43.348952959101844], ""type"": ""Point""}",43.348952959101844, 1.4685397939120401
158,3272,Gare de voyageurs et de fret,Gourdon,gare avec accueil du public,87613141,Occitanie,46,2018-02-07T01:00:00+00:00,"{""coordinates"": [1.3894295899136442, 44.74203759842604], ""type"": ""Point""}",44.74203759842604, 1.3894295899136442
166,3336,Gare de voyageurs,Couiza-Montazels,halte ferroviaire,87615203,Occitanie,11,2018-02-07T01:00:00+00:00,"{""coordinates"": [2.2483264387401936, 42.94258014942089], ""type"": ""Point""}",42.94258014942089, 2.2483264387401936
171,3347,Gare de voyageurs,Vic-Mireval,halte ferroviaire,87773531,Occitanie,34,2018-02-07T01:00:00+00:00,"{""coordinates"": [3.7993657627098294, 43.500784023648805], ""type"": ""Point""}",43.500784023648805, 3.7993657627098294
172,3351,Gare de voyageurs,Saint-Jory,halte ferroviaire,87611657,Occitanie,31,2018-02-07T01:00:00+00:00,"{""coordinates"": [1.3713737102008217, 43.73825743937491], ""type"": ""Point""}",43.73825743937491, 1.3713737102008217
173,3352,Gare de voyageurs,Le Cailar,halte ferroviaire,87775825,Occitanie,30,2018-02-07T01:00:00+00:00,"{""coordinates"": [4.235109228984363, 43.683254272606256], ""type"": ""Point""}",43.683254272606256, 4.235109228984363
188,3639,Gare de voyageurs et de fret,Viviez-Decazeville,gare avec accueil du public,87613661,Occitanie,12,2018-02-07T01:00:00+00:00,"{""coordinates"": [2.218428460798012, 44.55578977581981], ""type"": ""Point""}",44.55578977581981, 2.218428460798012
194,3655,Gare de voyageurs,Marignac-Saint-Béat,halte ferroviaire,87611194,Occitanie,31,2018-02-07T01:00:00+00:00,"{""coordinates"": [0.6521641313363201, 42.91575736817547], ""type"": ""Point""}",42.91575736817547, 0.6521641313363201
212,3896,Gare de voyageurs et de fret,Lannemezan,gare avec accueil du public,87671123,Occitanie,65,2018-02-07T01:00:00+00:00,"{""coordinates"": [0.3874288549701941, 43.114218005131725], ""type"": ""Point""}",43.114218005131725, 0.3874288549701941
213,3898,Gare de voyageurs,Limoux-Flassian,halte ferroviaire,87598755,Occitanie,11,2018-02-07T01:00:00+00:00,"{""coordinates"": [2.2185792939457794, 43.06860325695247], ""type"": ""Point""}",43.06860325695247, 2.2185792939457794
221,3942,Gare de voyageurs,Cintegabelle,halte ferroviaire,87611376,Occitanie,31,2018-02-07T01:00:00+00:00,"{""coordinates"": [1.5206366310283705, 43.30522786177589], ""type"": ""Point""}",43.30522786177589, 1.5206366310283705
222,3943,Gare de voyageurs,Le Soler,halte ferroviaire,87784512,Occitanie,66,2018-02-07T01:00:00+00:00,"{""coordinates"": [2.7949977752923862, 42.678908241128326], ""type"": ""Point""}",42.678908241128326, 2.7949977752923862
227,3958,Gare de voyageurs et de fret,Montauban-Ville-Bourbon,gare avec accueil du public,87611244,Occitanie,82,2018-02-07T01:00:00+00:00,"{""coordinates"": [1.3411324383291694, 44.014123301944906], ""type"": ""Point""}",44.014123301944906, 1.3411324383291694
205,3683,Gare de voyageurs,Bessèges,halte ferroviaire,87775494,Occitanie,30,2018-02-07T01:00:00+00:00,"{""coordinates"": [4.100501247976463, 44.28839944671523], ""type"": ""Point""}",44.28839944671523, 4.100501247976463
235,4156,Gare de voyageurs,Millas,halte ferroviaire,87784546,Occitanie,66,2018-02-07T01:00:00+00:00,"{""coordinates"": [2.693575499787082, 42.688822965023554], ""type"": ""Point""}",42.688822965023554, 2.693575499787082
237,4196,Gare de voyageurs,Valergues-Lansargues,halte ferroviaire,87773432,Occitanie,34,2018-02-07T01:00:00+00:00,"{""coordinates"": [4.06056755519124, 43.67271225648023], ""type"": ""Point""}",43.67271225648023, 4.06056755519124
238,4199,Gare de voyageurs,Leucate-la-Franqui,gare avec accueil du public,87781088,Occitanie,11,2018-02-07T01:00:00+00:00,"{""coordinates"": [3.0128163297320727, 42.932933344641704], ""type"": ""Point""}",42.932933344641704, 3.0128163297320727
246,4238,Gare de voyageurs,Mérenvielle,halte ferroviaire,87611814,Occitanie,31,2018-02-07T01:00:00+00:00,"{""coordinates"": [1.1515214744844964, 43.63688421090921], ""type"": ""Point""}",43.63688421090921, 1.1515214744844964
247,4239,Gare de voyageurs,Saint-Cyprien-Arènes,gare avec accueil du public,87446179,Occitanie,31,2018-02-07T01:00:00+00:00,"{""coordinates"": [1.4156568859703016, 43.59368462792395], ""type"": ""Point""}",43.59368462792395, 1.4156568859703016
252,4257,Gare de voyageurs,Aumont-Aubrac,halte ferroviaire,87783266,Occitanie,48,2018-02-07T01:00:00+00:00,"{""coordinates"": [3.2834044379800247, 44.71815295947427], ""type"": ""Point""}",44.71815295947427, 3.2834044379800247
272,4510,Gare de voyageurs,Bédarieux,gare avec accueil du public,87781609,Occitanie,34,2018-02-07T01:00:00+00:00,"{""coordinates"": [3.1495961722889825, 43.60875966093333], ""type"": ""Point""}",43.60875966093333, 3.1495961722889825
276,4519,Gare de voyageurs,Lisle-sur-Tarn,gare avec accueil du public,87615310,Occitanie,81,2018-02-07T01:00:00+00:00,"{""coordinates"": [1.8079560948119013, 43.85648703877449], ""type"": ""Point""}",43.85648703877449, 1.8079560948119013
277,4520,Gare de voyageurs,Ceilhes-Roqueredonde,halte ferroviaire,87781542,Occitanie,34,2018-02-07T01:00:00+00:00,"{""coordinates"": [3.1545533175143876, 43.812523292315234], ""type"": ""Point""}",43.812523292315234, 3.1545533175143876
278,4521,Gare de voyageurs,Gallargues-le-Montueux,halte ferroviaire,87775130,Occitanie,30,2018-02-07T01:00:00+00:00,"{""coordinates"": [4.171297901436486, 43.716127730106315], ""type"": ""Point""}",43.716127730106315, 4.171297901436486
280,4527,Gare de voyageurs,Boucoiran,halte ferroviaire,87775346,Occitanie,30,2018-02-07T01:00:00+00:00,"{""coordinates"": [4.1874362880510745, 43.99267116503892], ""type"": ""Point""}",43.99267116503892, 4.1874362880510745
289,4755,Gare de voyageurs,Luc,halte ferroviaire,87734368,Occitanie,48,2018-02-07T01:00:00+00:00,"{""coordinates"": [3.8913755657442777, 44.65413008206294], ""type"": ""Point""}",44.65413008206294, 3.8913755657442777
291,4779,Gare de voyageurs,Gimont-Cahuzac,gare avec accueil du public,87611772,Occitanie,32,2018-02-07T01:00:00+00:00,"{""coordinates"": [0.8676288726497922, 43.63319408206748], ""type"": ""Point""}",43.63319408206748, 0.8676288726497922
293,4782,Gare de voyageurs,Saint-Sulpice-Tarn,gare avec accueil du public,87615344,Occitanie,81,2018-02-07T01:00:00+00:00,"{""coordinates"": [1.6810387972671588, 43.77539950368044], ""type"": ""Point""}",43.77539950368044, 1.6810387972671588
303,4959,Gare de voyageurs et de fret,Tarascon-sur-Ariège,gare avec accueil du public,87611590,Occitanie,9,2018-02-07T01:00:00+00:00,"{""coordinates"": [1.5999394241411136, 42.849812916379605], ""type"": ""Point""}",42.849812916379605, 1.5999394241411136
304,4976,Gare de voyageurs,Osséja,halte ferroviaire,87784868,Occitanie,66,2018-02-07T01:00:00+00:00,"{""coordinates"": [1.9771858347053084, 42.419930389549826], ""type"": ""Point""}",42.419930389549826, 1.9771858347053084
305,5006,Gare de voyageurs,Avignonet,halte ferroviaire,87616011,Occitanie,31,2018-02-07T01:00:00+00:00,"{""coordinates"": [1.787623547658826, 43.363924233860345], ""type"": ""Point""}",43.363924233860345, 1.787623547658826
307,5010,Gare de voyageurs,Campagne,halte ferroviaire,87615229,Occitanie,11,2018-02-07T01:00:00+00:00,"{""coordinates"": [2.205554038629685, 42.91693550557833], ""type"": ""Point""}",42.91693550557833, 2.205554038629685
308,5011,Gare de voyageurs,Porté-Puymorens,halte ferroviaire,87611509,Occitanie,66,2018-02-07T01:00:00+00:00,"{""coordinates"": [1.825079837010659, 42.53925752872235], ""type"": ""Point""}",42.53925752872235, 1.825079837010659
323,,,Assat,,87672162,Nouvelle-Aquitaine,64,2025-01-06T01:00:00+00:00,"{""coordinates"": [-0.29487911750956414, 43.254303867172474], ""type"": ""Point""}",43.254303867172474, -0.29487911750956414
330,,,Neussargues,,87645507,Auvergne-Rhône-Alpes,15,2025-01-06T01:00:00+00:00,"{""coordinates"": [2.9791842615520365, 45.12525319275131], ""type"": ""Point""}",45.12525319275131, 2.9791842615520365
8,1471,Gare de voyageurs,Saint-Julien-les-Fumades,halte ferroviaire,87775544,Occitanie,30,2018-02-07T01:00:00+00:00,"{""coordinates"": [4.192901668123306, 44.21154387861881], ""type"": ""Point""}",44.21154387861881, 4.192901668123306
20,1608,Gare de voyageurs,Villefort,gare avec accueil du public,87775197,Occitanie,48,2018-02-07T01:00:00+00:00,"{""coordinates"": [3.923514846044329, 44.43946852438858], ""type"": ""Point""}",44.43946852438858, 3.923514846044329
23,1729,Gare de voyageurs,Port-Vendres,halte ferroviaire,87784264,Occitanie,66,2018-02-07T01:00:00+00:00,"{""coordinates"": [3.102397118275859, 42.51337577778661], ""type"": ""Point""}",42.51337577778661, 3.102397118275859
26,1739,Gare de voyageurs,Montlaur,halte ferroviaire,87618207,Occitanie,31,2018-02-07T01:00:00+00:00,"{""coordinates"": [1.5777174461189836, 43.47531695421071], ""type"": ""Point""}",43.47531695421071, 1.5777174461189836
57,2105,Gare de voyageurs,Génolhac,gare avec accueil du public,87775213,Occitanie,30,2018-02-07T01:00:00+00:00,"{""coordinates"": [3.951266844694229, 44.346861720192194], ""type"": ""Point""}",44.346861720192194, 3.951266844694229
59,2108,Gare de voyageurs,Mende,gare avec accueil du public,87783605,Occitanie,48,2018-02-07T01:00:00+00:00,"{""coordinates"": [3.5008623199337046, 44.522202815932], ""type"": ""Point""}",44.522202815932, 3.5008623199337046
60,2222,Gare de voyageurs,Luchon,gare avec accueil du public,87611236,Occitanie,31,2018-02-07T01:00:00+00:00,"{""coordinates"": [0.5965996459922196, 42.79711079685333], ""type"": ""Point""}",42.79711079685333, 0.5965996459922196
64,2248,Gare de voyageurs et de fret,Castelnaudary,gare avec accueil du public,87615039,Occitanie,11,2018-02-07T01:00:00+00:00,"{""coordinates"": [1.9489072964486536, 43.31215770710435], ""type"": ""Point""}",43.31215770710435, 1.9489072964486536
71,2258,Gare de voyageurs,Saint-Aunès,halte ferroviaire,87773465,Occitanie,34,2018-02-07T01:00:00+00:00,"{""coordinates"": [3.9633633390796157, 43.63538759149208], ""type"": ""Point""}",43.63538759149208, 3.9633633390796157
77,2274,Gare de voyageurs,Chanac,halte ferroviaire,87783530,Occitanie,48,2018-02-07T01:00:00+00:00,"{""coordinates"": [3.345544012227587, 44.47407465399493], ""type"": ""Point""}",44.47407465399493, 3.345544012227587
79,2393,Gare de voyageurs,Prades-Molitg-les-Bains,gare avec accueil du public,87784637,Occitanie,66,2018-02-07T01:00:00+00:00,"{""coordinates"": [2.4290232039476973, 42.61685396332187], ""type"": ""Point""}",42.61685396332187, 2.4290232039476973
83,2402,Gare de voyageurs,Montaudran,halte ferroviaire,87612010,Occitanie,31,2018-02-07T01:00:00+00:00,"{""coordinates"": [1.4797056955901684, 43.573899007769384], ""type"": ""Point""}",43.573899007769384, 1.4797056955901684
87,2414,Gare de voyageurs,Molières-sur-Cèze,halte ferroviaire,87775528,Occitanie,30,2018-02-07T01:00:00+00:00,"{""coordinates"": [4.160206840106756, 44.25938625763678], ""type"": ""Point""}",44.25938625763678, 4.160206840106756
91,2551,Gare de voyageurs,Chapeauroux,halte ferroviaire,87734343,Occitanie,48,2018-02-07T01:00:00+00:00,"{""coordinates"": [3.7418306322170736, 44.83787193029254], ""type"": ""Point""}",44.83787193029254, 3.7418306322170736
98,2569,Gare de voyageurs,Saint-Agne,gare avec accueil du public,87611301,Occitanie,31,2018-02-07T01:00:00+00:00,"{""coordinates"": [1.4506348502854902, 43.579929771581604], ""type"": ""Point""}",43.579929771581604, 1.4506348502854902
104,2577,Gare de voyageurs,Saint-Césaire,halte ferroviaire,87775072,Occitanie,30,2018-02-07T01:00:00+00:00,"{""coordinates"": [4.327090978755785, 43.81295435692702], ""type"": ""Point""}",43.81295435692702, 4.327090978755785
105,2583,Gare de voyageurs,Moissac,gare avec accueil du public,87611889,Occitanie,82,2018-02-07T01:00:00+00:00,"{""coordinates"": [1.077251080672292, 44.10247889790451], ""type"": ""Point""}",44.10247889790451, 1.077251080672292
106,2585,Gare de voyageurs et de fret,Cordes-Vindrac,gare avec accueil du public,87613802,Occitanie,81,2018-02-07T01:00:00+00:00,"{""coordinates"": [1.9000871521613885, 44.066919724944086], ""type"": ""Point""}",44.066919724944086, 1.9000871521613885
108,2592,Gare de voyageurs et de fret,Cahors,gare avec accueil du public,87613000,Occitanie,46,2018-02-07T01:00:00+00:00,"{""coordinates"": [1.4332308165185033, 44.44928391223175], ""type"": ""Point""}",44.44928391223175, 1.4332308165185033
113,2732,Gare de voyageurs,Mérens-les-Vals,halte ferroviaire,87611525,Occitanie,9,2018-02-07T01:00:00+00:00,"{""coordinates"": [1.8371263692724054, 42.659599759679246], ""type"": ""Point""}",42.659599759679246, 1.8371263692724054
315,,,Bagnols-sur-Cèze,,87764571,Occitanie,30,2024-12-20T01:00:00+00:00,"{""coordinates"": [4.627240000522441, 44.16064000021702], ""type"": ""Point""}",44.16064000021702, 4.627240000522441
118,2743,Gare de voyageurs et de fret,Tarbes,gare avec accueil du public,87671008,Occitanie,65,2018-02-07T01:00:00+00:00,"{""coordinates"": [0.06947249422501231, 43.240306128483816], ""type"": ""Point""}",43.240306128483816, 0.06947249422501231
120,2751,Gare de voyageurs et de fret,Escalquens,gare avec accueil du public,87611707,Occitanie,31,2018-02-07T01:00:00+00:00,"{""coordinates"": [1.5423628862355652, 43.516837135949636], ""type"": ""Point""}",43.516837135949636, 1.5423628862355652
125,2776,Gare de voyageurs,Gramat,gare avec accueil du public,87613059,Occitanie,46,2018-02-07T01:00:00+00:00,"{""coordinates"": [1.7224809978187259, 44.77344465288764], ""type"": ""Point""}",44.77344465288764, 1.7224809978187259
135,3035,Gare de voyageurs et de fret,Saint-Gaudens,gare avec accueil du public,87611137,Occitanie,31,2018-02-07T01:00:00+00:00,"{""coordinates"": [0.7295495840492059, 43.105047227517275], ""type"": ""Point""}",43.105047227517275, 0.7295495840492059
139,3047,Gare de voyageurs,Labège-Innopole,halte ferroviaire,87612002,Occitanie,31,2018-02-07T01:00:00+00:00,"{""coordinates"": [1.5133128621119891, 43.54696238418816], ""type"": ""Point""}",43.54696238418816, 1.5133128621119891
142,3058,Gare de voyageurs,Saint-Rome-de-Cernon,halte ferroviaire,87783431,Occitanie,12,2018-02-07T01:00:00+00:00,"{""coordinates"": [2.967367299752249, 44.0140373910544], ""type"": ""Point""}",44.0140373910544, 2.967367299752249
146,3066,Gare de voyageurs et de fret,Rodez,gare avec accueil du public,87613422,Occitanie,12,2018-02-07T01:00:00+00:00,"{""coordinates"": [2.5827106794686974, 44.362495693029835], ""type"": ""Point""}",44.362495693029835, 2.5827106794686974
148,3068,Gare de voyageurs,Les Salelles,halte ferroviaire,87783514,Occitanie,48,2018-02-07T01:00:00+00:00,"{""coordinates"": [3.281341054817468, 44.483396999504976], ""type"": ""Point""}",44.483396999504976, 3.281341054817468
159,3278,Gare de voyageurs et de fret,Capdenac,gare avec accueil du public,87613109,Occitanie,12,2018-02-07T01:00:00+00:00,"{""coordinates"": [2.078391766154127, 44.57835721052796], ""type"": ""Point""}",44.57835721052796, 2.078391766154127
162,3310,Gare de voyageurs,Lunas,halte ferroviaire,87781575,Occitanie,34,2018-02-07T01:00:00+00:00,"{""coordinates"": [3.1942167534914647, 43.70938687940256], ""type"": ""Point""}",43.70938687940256, 3.1942167534914647
167,3340,Gare de voyageurs,Saint-Jean-de-Verges,halte ferroviaire,87611624,Occitanie,9,2018-02-07T01:00:00+00:00,"{""coordinates"": [1.6080022520197028, 43.0128389588332], ""type"": ""Point""}",43.0128389588332, 1.6080022520197028
179,3368,Gare de voyageurs,Saint-Christophe-Marcillac,gare avec accueil du public,87613257,Occitanie,12,2018-02-07T01:00:00+00:00,"{""coordinates"": [2.4078259758129206, 44.46434607173123], ""type"": ""Point""}",44.46434607173123, 2.4078259758129206
182,3569,Gare de voyageurs,Mont-Louis-La Cabanasse,gare avec accueil du public,87784793,Occitanie,66,2018-02-07T01:00:00+00:00,"{""coordinates"": [2.113174066896045, 42.50196419817456], ""type"": ""Point""}",42.50196419817456, 2.113174066896045
198,3661,Gare de voyageurs,Saint-Martory,halte ferroviaire,87611103,Occitanie,31,2018-02-07T01:00:00+00:00,"{""coordinates"": [0.9339500432023976, 43.13843485585285], ""type"": ""Point""}",43.13843485585285, 0.9339500432023976
206,3684,Gare de voyageurs,Alès,gare avec accueil du public,87775288,Occitanie,30,2018-02-07T01:00:00+00:00,"{""coordinates"": [4.084732763103139, 44.12812120806252], ""type"": ""Point""}",44.12812120806252, 4.084732763103139
207,3685,Gare de voyageurs,Banassac-la-Canourgue,halte ferroviaire,87783324,Occitanie,48,2018-02-07T01:00:00+00:00,"{""coordinates"": [3.196139381453691, 44.447799164917], ""type"": ""Point""}",44.447799164917, 3.196139381453691
208,3842,Gare de voyageurs,Vergèze-Codognan,gare avec accueil du public,87775114,Occitanie,30,2018-02-07T01:00:00+00:00,"{""coordinates"": [4.2189422536646415, 43.73983305504729], ""type"": ""Point""}",43.73983305504729, 4.2189422536646415
210,3893,Gare de voyageurs,Albias,halte ferroviaire,87613398,Occitanie,82,2018-02-07T01:00:00+00:00,"{""coordinates"": [1.4443055605095887, 44.09162434356527], ""type"": ""Point""}",44.09162434356527, 1.4443055605095887
211,3895,Gare de voyageurs,Les Ramassiers,halte ferroviaire,87353581,Occitanie,31,2018-02-07T01:00:00+00:00,"{""coordinates"": [1.3527629074335856, 43.602348952371784], ""type"": ""Point""}",43.602348952371784, 1.3527629074335856
217,3934,Gare de voyageurs et de fret,Cerbère,gare avec accueil du public,87785006,Occitanie,66,2018-02-07T01:00:00+00:00,"{""coordinates"": [3.162539849618076, 42.44085193030988], ""type"": ""Point""}",42.44085193030988, 3.162539849618076
219,3937,Gare de voyageurs,Ax-les-Thermes,gare avec accueil du public,87611533,Occitanie,9,2018-02-07T01:00:00+00:00,"{""coordinates"": [1.8333978137452176, 42.72523891558623], ""type"": ""Point""}",42.72523891558623, 1.8333978137452176
224,3946,Gare de voyageurs et de fret,Baziège,halte ferroviaire,87611723,Occitanie,31,2018-02-07T01:00:00+00:00,"{""coordinates"": [1.620556708120367, 43.45344799434096], ""type"": ""Point""}",43.45344799434096, 1.620556708120367
145,3064,Gare de voyageurs,Saint-Ambroix,halte ferroviaire,87775536,Occitanie,30,2018-02-07T01:00:00+00:00,"{""coordinates"": [4.193855386777832, 44.26000700649442], ""type"": ""Point""}",44.26000700649442, 4.193855386777832
248,4242,Gare de voyageurs,Gragnague,halte ferroviaire,87615377,Occitanie,31,2018-02-07T01:00:00+00:00,"{""coordinates"": [1.567583753457248, 43.696509173496935], ""type"": ""Point""}",43.696509173496935, 1.567583753457248
249,4243,Gare de voyageurs,Montpaon,halte ferroviaire,87781534,Occitanie,12,2018-02-07T01:00:00+00:00,"{""coordinates"": [3.109840632601964, 43.86864165654765], ""type"": ""Point""}",43.86864165654765, 3.109840632601964
250,4244,Gare de voyageurs,Nîmes,gare avec accueil du public,87775007,Occitanie,30,2018-02-07T01:00:00+00:00,"{""coordinates"": [4.365980392854718, 43.832386339966526], ""type"": ""Point""}",43.832386339966526, 4.365980392854718
253,4259,Gare de voyageurs et de fret,Bretenoux-Biars,gare avec accueil du public,87594762,Occitanie,46,2018-02-07T01:00:00+00:00,"{""coordinates"": [1.8443149406766657, 44.92759659113517], ""type"": ""Point""}",44.92759659113517, 1.8443149406766657
256,4429,Gare de voyageurs et de fret,Carmaux,gare avec accueil du public,87615625,Occitanie,81,2018-02-07T01:00:00+00:00,"{""coordinates"": [2.1523689320421027, 44.04825614801729], ""type"": ""Point""}",44.04825614801729, 2.1523689320421027
270,4507,Gare de voyageurs,Agde,gare avec accueil du public,87781278,Occitanie,34,2018-02-07T01:00:00+00:00,"{""coordinates"": [3.4661993748899995, 43.31729883040774], ""type"": ""Point""}",43.31729883040774, 3.4661993748899995
281,4539,Gare de voyageurs,Gignac-Cressensac,halte ferroviaire,87594325,Occitanie,46,2018-02-07T01:00:00+00:00,"{""coordinates"": [1.483286691962994, 45.01467808562285], ""type"": ""Point""}",45.01467808562285, 1.483286691962994
282,4677,Gare de voyageurs,Chasseradès,halte ferroviaire,87775148,Occitanie,48,2018-02-07T01:00:00+00:00,"{""coordinates"": [3.8400592973787426, 44.554012615324964], ""type"": ""Point""}",44.554012615324964, 3.8400592973787426
284,4702,Gare de voyageurs,Baillargues,halte ferroviaire,87773457,Occitanie,34,2018-02-07T01:00:00+00:00,"{""coordinates"": [4.007809905019662, 43.65351824451541], ""type"": ""Point""}",43.65351824451541, 4.007809905019662
285,4709,Gare de voyageurs et de fret,Villefranche-de-Rouergue,gare avec accueil du public,87613893,Occitanie,12,2018-02-07T01:00:00+00:00,"{""coordinates"": [2.0362335589873672, 44.34728317828895], ""type"": ""Point""}",44.34728317828895, 2.0362335589873672
298,4793,Gare de voyageurs,Chamborigaud,halte ferroviaire,87775221,Occitanie,30,2018-02-07T01:00:00+00:00,"{""coordinates"": [3.9792709622705456, 44.30045852971081], ""type"": ""Point""}",44.30045852971081, 3.9792709622705456
300,4807,Gare de voyageurs,Vayrac,halte ferroviaire,87594739,Occitanie,46,2018-02-07T01:00:00+00:00,"{""coordinates"": [1.7061189212156784, 44.95013719822835], ""type"": ""Point""}",44.95013719822835, 1.7061189212156784
309,5018,Gare de voyageurs,Le TOEC,halte ferroviaire,87353573,Occitanie,31,2018-02-07T01:00:00+00:00,"{""coordinates"": [1.4013350777611495, 43.59544117895468], ""type"": ""Point""}",43.59544117895468, 1.4013350777611495
317,,,Marguerittes,,87745703,Occitanie,30,2024-12-20T01:00:00+00:00,"{""coordinates"": [4.446469999531167, 43.856400000388774], ""type"": ""Point""}",43.856400000388774, 4.446469999531167
322,,,Pau,gare avec accueil du public,87672006,Nouvelle-Aquitaine,64,2024-12-20T01:00:00+00:00,"{""coordinates"": [-0.3698086659129235, 43.29152624181751], ""type"": ""Point""}",43.29152624181751, -0.3698086659129235
325,,,Montaut-Bétharram,,87672113,Nouvelle-Aquitaine,64,2025-01-06T01:00:00+00:00,"{""coordinates"": [-0.19820881589333045, 43.126844112132446], ""type"": ""Point""}",43.126844112132446, -0.19820881589333045
328,,,Turenne,,87594556,Nouvelle-Aquitaine,19,2025-01-06T01:00:00+00:00,"{""coordinates"": [1.6010423148293966, 45.037570797865925], ""type"": ""Point""}",45.037570797865925, 1.6010423148293966
329,,,Saint-Flour Chaudes-Aigues,,87783175,Auvergne-Rhône-Alpes,15,2025-01-06T01:00:00+00:00,"{""coordinates"": [3.10534219462571, 45.03507228942093], ""type"": ""Point""}",45.03507228942093, 3.10534219462571
331,,,Aurillac,gare avec accueil du public,87645002,Auvergne-Rhône-Alpes,15,2025-01-06T01:00:00+00:00,"{""coordinates"": [2.435658086264042, 44.9207731443984], ""type"": ""Point""}",44.9207731443984, 2.435658086264042
1,1450,Gare de voyageurs,Fontpédrouse-Saint-Thomas,halte ferroviaire,87784769,Occitanie,66,2018-02-07T01:00:00+00:00,"{""coordinates"": [2.188606555723969, 42.51369740973698], ""type"": ""Point""}",42.51369740973698, 2.188606555723969
12,1556,Gare de voyageurs,Serdinya,halte ferroviaire,87784702,Occitanie,66,2018-02-07T01:00:00+00:00,"{""coordinates"": [2.3230172121005572, 42.5670289600573], ""type"": ""Point""}",42.5670289600573, 2.3230172121005572
17,1600,Gare de voyageurs,Aimargues,halte ferroviaire,87775833,Occitanie,30,2018-02-07T01:00:00+00:00,"{""coordinates"": [4.208979476554171, 43.67869180781053], ""type"": ""Point""}",43.67869180781053, 4.208979476554171
22,1711,Gare de voyageurs et de fret,Carcassonne,gare avec accueil du public,87615286,Occitanie,11,2018-02-07T01:00:00+00:00,"{""coordinates"": [2.351474524920826, 43.218088391410795], ""type"": ""Point""}",43.218088391410795, 2.351474524920826
30,1750,Gare de voyageurs,Laissac,halte ferroviaire,87783761,Occitanie,12,2018-02-07T01:00:00+00:00,"{""coordinates"": [2.8223841025680305, 44.374870748617894], ""type"": ""Point""}",44.374870748617894, 2.8223841025680305
42,1929,Gare de voyageurs et de fret,Sévérac-d'Aveyron,gare avec accueil du public,87783365,Occitanie,12,2018-02-07T01:00:00+00:00,"{""coordinates"": [3.0569934757318102, 44.32458967859722], ""type"": ""Point""}",44.32458967859722, 3.0569934757318102
44,1939,Gare de voyageurs,Saint-Denis-près-Martel,gare avec accueil du public,87594572,Occitanie,46,2018-02-07T01:00:00+00:00,"{""coordinates"": [1.666506113106152, 44.94609062139621], ""type"": ""Point""}",44.94609062139621, 1.666506113106152
50,2087,Gare de voyageurs,Couffoulens-Leuc,halte ferroviaire,87615120,Occitanie,11,2018-02-07T01:00:00+00:00,"{""coordinates"": [2.316117222747656, 43.15544627897059], ""type"": ""Point""}",43.15544627897059, 2.316117222747656
51,2088,Gare de voyageurs et de fret,Cazères-sur-Garonne,gare avec accueil du public,87611079,Occitanie,31,2018-02-07T01:00:00+00:00,"{""coordinates"": [1.0823282310247975, 43.21275999867374], ""type"": ""Point""}",43.21275999867374, 1.0823282310247975
53,2093,Gare de voyageurs,Damiatte-Saint-Paul,halte ferroviaire,87615484,Occitanie,81,2018-02-07T01:00:00+00:00,"{""coordinates"": [1.974381193867186, 43.65618454164969], ""type"": ""Point""}",43.65618454164969, 1.974381193867186
62,2245,Gare de voyageurs,Saverdun,gare avec accueil du public,87611368,Occitanie,9,2018-02-07T01:00:00+00:00,"{""coordinates"": [1.5702294636703213, 43.23946615980809], ""type"": ""Point""}",43.23946615980809, 1.5702294636703213
65,2249,Gare de voyageurs et de fret,Béziers,gare avec accueil du public,87781005,Occitanie,34,2018-02-07T01:00:00+00:00,"{""coordinates"": [3.219040412086794, 43.33625404559825], ""type"": ""Point""}",43.33625404559825, 3.219040412086794
67,2251,Gare de voyageurs,Vias,halte ferroviaire,87781260,Occitanie,34,2018-02-07T01:00:00+00:00,"{""coordinates"": [3.4245076361915356, 43.31591651253748], ""type"": ""Point""}",43.31591651253748, 3.4245076361915356
68,2255,Gare de voyageurs,Aubiet,halte ferroviaire,87611764,Occitanie,32,2018-02-07T01:00:00+00:00,"{""coordinates"": [0.7892317734464867, 43.65007159212097], ""type"": ""Point""}",43.65007159212097, 0.7892317734464867
70,2257,Gare de voyageurs,Villeneuve-lès-Maguelone,halte ferroviaire,87773515,Occitanie,34,2018-02-07T01:00:00+00:00,"{""coordinates"": [3.8497915539593457, 43.54356070388438], ""type"": ""Point""}",43.54356070388438, 3.8497915539593457
82,2401,Gare de voyageurs,Toulouse-Matabiau,gare avec accueil du public,87611004,Occitanie,31,2018-02-07T01:00:00+00:00,"{""coordinates"": [1.4540057050370228, 43.61214504394223], ""type"": ""Point""}",43.61214504394223, 1.4540057050370228
84,2403,Gare de voyageurs,Labège-Village,halte ferroviaire,87612028,Occitanie,31,2018-02-07T01:00:00+00:00,"{""coordinates"": [1.5333464811229833, 43.53009939930765], ""type"": ""Point""}",43.53009939930765, 1.5333464811229833
107,2590,Gare de voyageurs,Naucelle,gare avec accueil du public,87615732,Occitanie,12,2018-02-07T01:00:00+00:00,"{""coordinates"": [2.3632701734252395, 44.18530886639681], ""type"": ""Point""}",44.18530886639681, 2.3632701734252395
114,2733,Gare de voyageurs,Vinça,halte ferroviaire,87784611,Occitanie,66,2018-02-07T01:00:00+00:00,"{""coordinates"": [2.527521223003619, 42.64814541360718], ""type"": ""Point""}",42.64814541360718, 2.527521223003619
116,2740,Gare de voyageurs,Varilhes,gare avec accueil du public,87611327,Occitanie,9,2018-02-07T01:00:00+00:00,"{""coordinates"": [1.6291931552497776, 43.04168461744581], ""type"": ""Point""}",43.04168461744581, 1.6291931552497776
117,2741,Gare de voyageurs,Limoux,gare avec accueil du public,87615161,Occitanie,11,2018-02-07T01:00:00+00:00,"{""coordinates"": [2.222984685666414, 43.05727164148155], ""type"": ""Point""}",43.05727164148155, 2.222984685666414
119,2744,Gare de voyageurs,Le Fauga,halte ferroviaire,87611046,Occitanie,31,2018-02-07T01:00:00+00:00,"{""coordinates"": [1.2824836013090932, 43.40444025727135], ""type"": ""Point""}",43.40444025727135, 1.2824836013090932
121,2759,Gare de voyageurs,Milhaud,halte ferroviaire,87775098,Occitanie,30,2018-02-07T01:00:00+00:00,"{""coordinates"": [4.3030838394759074, 43.78842986025067], ""type"": ""Point""}",43.78842986025067, 4.3030838394759074
122,2760,Gare de voyageurs,Beauvoisin,halte ferroviaire,87775809,Occitanie,30,2018-02-07T01:00:00+00:00,"{""coordinates"": [4.3215371906989555, 43.72458512977351], ""type"": ""Point""}",43.72458512977351, 4.3215371906989555
134,3029,Gare de voyageurs et de fret,Luzenac-Garanou,halte ferroviaire,87611558,Occitanie,9,2018-02-07T01:00:00+00:00,"{""coordinates"": [1.7533613638633987, 42.76435737609917], ""type"": ""Point""}",42.76435737609917, 1.7533613638633987
136,3037,Gare de voyageurs,Martres-Tolosane,halte ferroviaire,87611087,Occitanie,31,2018-02-07T01:00:00+00:00,"{""coordinates"": [1.016588160505517, 43.19613261275505], ""type"": ""Point""}",43.19613261275505, 1.016588160505517
140,3048,Gare de voyageurs et de fret,Sète,gare avec accueil du public,87773200,Occitanie,34,2018-02-07T01:00:00+00:00,"{""coordinates"": [3.6963915494301225, 43.412804427145645], ""type"": ""Point""}",43.412804427145645, 3.6963915494301225
141,3052,Gare de voyageurs et de fret,Grisolles,halte ferroviaire,87611673,Occitanie,82,2018-02-07T01:00:00+00:00,"{""coordinates"": [1.3022825150925028, 43.82731099120956], ""type"": ""Point""}",43.82731099120956, 1.3022825150925028
143,3059,Gare de voyageurs et de fret,Millau,gare avec accueil du public,87783001,Occitanie,12,2018-02-07T01:00:00+00:00,"{""coordinates"": [3.074415302242205, 44.102828305526636], ""type"": ""Point""}",44.102828305526636, 3.074415302242205
149,3076,Gare de voyageurs,Bétaille,halte ferroviaire,87594747,Occitanie,46,2018-02-07T01:00:00+00:00,"{""coordinates"": [1.7338254841354905, 44.94277239771807], ""type"": ""Point""}",44.94277239771807, 1.7338254841354905
154,3259,Gare de voyageurs,Marseillan-Plage,halte ferroviaire,87781294,Occitanie,34,2018-02-07T01:00:00+00:00,"{""coordinates"": [3.5351972522632034, 43.31804047776195], ""type"": ""Point""}",43.31804047776195, 3.5351972522632034
156,3262,Gare de voyageurs et de fret,Rivesaltes,gare avec accueil du public,87784173,Occitanie,66,2018-02-07T01:00:00+00:00,"{""coordinates"": [2.8677897525529747, 42.76625212059197], ""type"": ""Point""}",42.76625212059197, 2.8677897525529747
157,3269,Gare de voyageurs et de fret,Castelsarrasin,gare avec accueil du public,87611897,Occitanie,82,2018-02-07T01:00:00+00:00,"{""coordinates"": [1.114446618038065, 44.040326966738505], ""type"": ""Point""}",44.040326966738505, 1.114446618038065
175,3357,Gare de voyageurs,Tessonnières,halte ferroviaire,87615245,Occitanie,81,2018-02-07T01:00:00+00:00,"{""coordinates"": [1.9371056894371006, 43.92821261789821], ""type"": ""Point""}",43.92821261789821, 1.9371056894371006
177,3366,Gare de voyageurs et de fret,Lexos,halte ferroviaire,87613489,Occitanie,81,2018-02-07T01:00:00+00:00,"{""coordinates"": [1.885062422476702, 44.14223042559061], ""type"": ""Point""}",44.14223042559061, 1.885062422476702
180,3371,Gare de voyageurs,Figeac,gare avec accueil du public,87613091,Occitanie,46,2018-02-07T01:00:00+00:00,"{""coordinates"": [2.037685622272496, 44.6024627127105], ""type"": ""Point""}",44.6024627127105, 2.037685622272496
181,3376,Gare de voyageurs,Les Quatre-Routes,halte ferroviaire,87594564,Occitanie,46,2018-02-07T01:00:00+00:00,"{""coordinates"": [1.6436461134320388, 44.99778915588452], ""type"": ""Point""}",44.99778915588452, 1.6436461134320388
183,3574,Gare de voyageurs,Lézignan-Corbières,gare avec accueil du public,87615112,Occitanie,11,2018-02-07T01:00:00+00:00,"{""coordinates"": [2.7692356194742183, 43.19984568305008], ""type"": ""Point""}",43.19984568305008, 2.7692356194742183
187,3629,Gare de voyageurs,Saint-Martin-du-Touch,halte ferroviaire,87353599,Occitanie,31,2018-02-07T01:00:00+00:00,"{""coordinates"": [1.3720903320327682, 43.59957322436056], ""type"": ""Point""}",43.59957322436056, 1.3720903320327682
192,3653,Gare de voyageurs,Andorre-L'Hospitalet,gare avec accueil du public,87611517,Occitanie,9,2018-02-07T01:00:00+00:00,"{""coordinates"": [1.8009148245400775, 42.589494185158415], ""type"": ""Point""}",42.589494185158415, 1.8009148245400775
193,3654,Gare de voyageurs,Nyer,halte ferroviaire,87784736,Occitanie,66,2018-02-07T01:00:00+00:00,"{""coordinates"": [2.262967735078227, 42.541494201478685], ""type"": ""Point""}",42.541494201478685, 2.262967735078227
202,3670,Gare de voyageurs,Pibrac,halte ferroviaire,87611830,Occitanie,31,2018-02-07T01:00:00+00:00,"{""coordinates"": [1.2891869589856535, 43.621496300996036], ""type"": ""Point""}",43.621496300996036, 1.2891869589856535
216,3933,Gare de voyageurs,Sainte-Léocadie,halte ferroviaire,87784850,Occitanie,66,2018-02-07T01:00:00+00:00,"{""coordinates"": [2.01030499655772, 42.44100128327139], ""type"": ""Point""}",42.44100128327139, 2.01030499655772
220,3938,Gare de voyageurs et de fret,Lourdes,gare avec accueil du public,87671339,Occitanie,65,2018-02-07T01:00:00+00:00,"{""coordinates"": [-0.04225949687279851, 43.10053964790077], ""type"": ""Point""}",43.10053964790077, -0.04225949687279851
228,3959,Gare de voyageurs et de fret,Montbartier,halte ferroviaire,87611699,Occitanie,82,2018-02-07T01:00:00+00:00,"{""coordinates"": [1.2644844112179692, 43.92395202840075], ""type"": ""Point""}",43.92395202840075, 1.2644844112179692
230,3966,Gare de voyageurs,Balsièges-Bourg,halte ferroviaire,87111864,Occitanie,48,2018-02-07T01:00:00+00:00,"{""coordinates"": [3.4566119062014797, 44.48206797921797], ""type"": ""Point""}",44.48206797921797, 3.4566119062014797
234,4155,Gare de voyageurs,Le Grau-du-Roi,gare avec accueil du public,87775866,Occitanie,30,2018-02-07T01:00:00+00:00,"{""coordinates"": [4.1413072252283705, 43.53748293516222], ""type"": ""Point""}",43.53748293516222, 4.1413072252283705
241,4207,Gare de voyageurs,Saint-Laurent-d'Aigouze,halte ferroviaire,87775841,Occitanie,30,2018-02-07T01:00:00+00:00,"{""coordinates"": [4.192799622427994, 43.63902542652224], ""type"": ""Point""}",43.63902542652224, 4.192799622427994
258,4431,Gare de voyageurs,Sauto,halte ferroviaire,87784777,Occitanie,66,2018-02-07T01:00:00+00:00,"{""coordinates"": [2.159744223837201, 42.50618241190748], ""type"": ""Point""}",42.50618241190748, 2.159744223837201
266,4500,Gare de voyageurs,Thuès-Carença,halte ferroviaire,87784751,Occitanie,66,2018-02-07T01:00:00+00:00,"{""coordinates"": [2.227158013753835, 42.52372943474814], ""type"": ""Point""}",42.52372943474814, 2.227158013753835
267,4502,Gare de voyageurs,Le Vernet-d'Ariège,halte ferroviaire,87611350,Occitanie,9,2018-02-07T01:00:00+00:00,"{""coordinates"": [1.6116876488385081, 43.19068403000883], ""type"": ""Point""}",43.19068403000883, 1.6116876488385081
275,4518,Gare de voyageurs,Lacourtensourt,halte ferroviaire,87611434,Occitanie,31,2018-02-07T01:00:00+00:00,"{""coordinates"": [1.413868418427616, 43.66376474677481], ""type"": ""Point""}",43.66376474677481, 1.413868418427616
296,4786,Gare de voyageurs,Beaucaire,halte ferroviaire,87775023,Occitanie,30,2018-02-07T01:00:00+00:00,"{""coordinates"": [4.647186634524633, 43.8021787267091], ""type"": ""Point""}",43.8021787267091, 4.647186634524633
299,4798,Gare de voyageurs,Assier,gare avec accueil du public,87613075,Occitanie,46,2018-02-07T01:00:00+00:00,"{""coordinates"": [1.8693908513648663, 44.674681446354775], ""type"": ""Point""}",44.674681446354775, 1.8693908513648663
320,,,Roquemaure,,87745059,Occitanie,30,2024-12-20T01:00:00+00:00,"{""coordinates"": [4.7738600000173, 44.04940000015025], ""type"": ""Point""}",44.04940000015025, 4.7738600000173
326,,,Agen,gare avec accueil du public,87586008,Nouvelle-Aquitaine,47,2025-01-06T01:00:00+00:00,"{""coordinates"": [0.6210055931407953, 44.20834730436371], ""type"": ""Point""}",44.20834730436371, 0.6210055931407953
737,,,Nîmes Pont du Gard,,87703975,Occitanie,30,2025-01-15T01:00:00+00:00,"{""coordinates"": [4.506744961675008, 43.81704130744609], ""type"": ""Point""}",43.81704130744609, 4.506744961675008
738,3544,Gare de voyageurs,Marseille Saint-Charles,gare avec accueil du public,87751008,Sud,13,2025-01-15T01:00:00+00:00,"{""coordinates"": [5.38102825335199, 43.30245562078338], ""type"": ""Point""}",43.30245562078338, 5.38102825335199
